{
  "system_info": {
    "python_version": "3.12.3",
    "platform": "Linux-6.14.0-1015-nvidia-aarch64-with-glibc2.39",
    "processor": "aarch64",
    "cpu_count": 20,
    "cpu_count_physical": 20,
    "memory_total_gb": 119.69732666015625,
    "timestamp": 1772828522.0702047
  },
  "scenarios": [
    {
      "scenario": "throughput",
      "success": true,
      "results": {
        "payload_sizes": {
          "64B": {
            "events_per_sec": 5900.740174837309,
            "mb_per_sec": 0.36015259856184745,
            "elapsed_sec": 1.6947026480920613
          },
          "1024B": {
            "events_per_sec": 4982.569429905733,
            "mb_per_sec": 4.8657904588923175,
            "elapsed_sec": 2.0069966190494597
          },
          "65536B": {
            "events_per_sec": 541.5189172974997,
            "mb_per_sec": 33.84493233109373,
            "elapsed_sec": 18.466575553640723
          }
        },
        "stream_sizes": {
          "10_events": {
            "events_per_sec": 184.70680102930854,
            "elapsed_sec": 0.05413985811173916
          },
          "100_events": {
            "events_per_sec": 1314.9766510110692,
            "elapsed_sec": 0.07604697765782475
          },
          "1000_events": {
            "events_per_sec": 3926.77204645171,
            "elapsed_sec": 0.25466209603473544
          },
          "10000_events": {
            "events_per_sec": 4720.157221420355,
            "elapsed_sec": 2.1185734989121556
          }
        },
        "events_per_sec": 5900.740174837309
      }
    },
    {
      "scenario": "latency",
      "success": true,
      "results": {
        "p50_us": 212.977,
        "p95_us": 377.536,
        "p99_us": 478.817,
        "max_us": 955.105,
        "min_us": 70.481,
        "mean_us": 230.88485380000003
      }
    },
    {
      "scenario": "startup",
      "success": true,
      "results": {
        "min_us": 136.736,
        "mean_us": 399.746104,
        "p50_us": 383.809,
        "p95_us": 599.489,
        "p99_us": 720.609,
        "max_us": 757.105
      }
    },
    {
      "scenario": "concurrency",
      "success": true,
      "results": {
        "concurrency_levels": {
          "1_streams": {
            "total_events_per_sec": 4693.414637808456,
            "events_per_sec_per_stream": 4693.414637808456,
            "elapsed_sec": 0.021306449081748724
          },
          "10_streams": {
            "total_events_per_sec": 7621.624405647184,
            "events_per_sec_per_stream": 762.1624405647184,
            "elapsed_sec": 0.13120562583208084
          },
          "100_streams": {
            "total_events_per_sec": 584.0484202316767,
            "events_per_sec_per_stream": 5.840484202316767,
            "elapsed_sec": 17.121868073940277
          },
          "1000_streams": {
            "total_events_per_sec": 470.00709735171023,
            "events_per_sec_per_stream": 0.4700070973517102,
            "elapsed_sec": 212.76274457015097
          }
        },
        "max_streams": 1000
      }
    },
    {
      "scenario": "memory",
      "success": true,
      "results": {
        "memory_by_streams": {
          "10_streams": {
            "total_mb": 60.109375,
            "delta_mb": 0.109375,
            "per_stream_kb": 11.2
          },
          "100_streams": {
            "total_mb": 60.328125,
            "delta_mb": 0.328125,
            "per_stream_kb": 3.36
          },
          "1000_streams": {
            "total_mb": 60.35546875,
            "delta_mb": 0.35546875,
            "per_stream_kb": 0.364
          }
        },
        "baseline_mb": 60.0,
        "final_mb": 60.35546875,
        "recovered_mb": 0.0,
        "peak_mb": 60.35546875
      }
    }
  ],
  "comparisons": []
}